date,open,high,low,close,volume,vwap
09/01/2013 18:18:59,1640.25,1642,1639,1641.25,21722,1640.667273
09/01/2013 21:42:07,1641.25,1643.5,1639.75,1640.75,21706,1641.830116
09/02/2013 02:05:25,1640.75,1644.5,1640.5,1644.5,21652,1643.149905
09/02/2013 03:01:56,1644.5,1646,1642.75,1645,21709,1644.556854
09/02/2013 04:32:44,1645,1647.25,1644.25,1645.5,21646,1646.012254
09/02/2013 06:40:20,1645.5,1648,1645.25,1648,21595,1646.641549
09/02/2013 08:06:34,1648,1648.5,1646,1646.5,21644,1647.493254
09/02/2013 09:47:06,1646.75,1647.75,1645.25,1647.5,21688,1646.371507
09/02/2013 18:20:35,1647.5,1648.5,1645.25,1646,21622,1647.418937
09/02/2013 23:27:37,1646,1648.25,1645.25,1647.75,21648,1647.043434
09/03/2013 02:11:44,1647.75,1649,1646.25,1647,21629,1647.82639
09/03/2013 03:06:28,1647,1648.5,1646.5,1648,21632,1647.545766
09/03/2013 03:54:23,1648,1648.5,1643.5,1643.75,21639,1646.498995
09/03/2013 04:00:01,1643.75,1644.5,1642.5,1643.25,21629,1643.313225
09/03/2013 04:09:53,1643.25,1646.75,1642.25,1643.5,21717,1644.297612
09/03/2013 04:48:07,1643.5,1645.5,1642.25,1644,21699,1643.978156
09/03/2013 06:05:01,1644,1647,1642.75,1645.25,21644,1645.275573
09/03/2013 06:53:54,1645.25,1647,1642.5,1644,21590,1644.512367
09/03/2013 07:37:17,1644,1646.25,1643.5,1646,21732,1644.692516
09/03/2013 08:16:14,1646,1647,1645.5,1646,21685,1646.22949
09/03/2013 08:30:05,1646,1647,1645.5,1647,21590,1646.274954
09/03/2013 08:31:19,1647,1648.75,1646.25,1648.75,21689,1647.635783
09/03/2013 08:32:05,1648.75,1649.25,1647.75,1647.75,21604,1648.457589
09/03/2013 08:33:54,1647.75,1649,1647.5,1649,21618,1648.506846
09/03/2013 08:35:18,1649,1649.5,1647.75,1649.5,21583,1648.686072
09/03/2013 08:37:17,1649.5,1650,1648.5,1648.75,21655,1649.289656
09/03/2013 08:40:20,1648.75,1649.75,1648.25,1649.5,21617,1648.828734
09/03/2013 08:43:12,1649.5,1649.75,1647.5,1648.25,21618,1648.414839
09/03/2013 08:47:05,1648.25,1648.5,1647.25,1647.5,21631,1647.785481
09/03/2013 08:51:22,1647.5,1648,1646.75,1647.5,21632,1647.371325
09/03/2013 08:55:37,1647.5,1647.75,1646.25,1647.5,21642,1646.877634
09/03/2013 09:01:00,1647.5,1648,1645.5,1645.75,21497,1646.95047
09/03/2013 09:02:48,1645.75,1646.25,1644.25,1645.5,21801,1645.297796
09/03/2013 09:06:22,1645.5,1647.25,1645,1647.25,21649,1646.266225
09/03/2013 09:10:25,1647.25,1647.5,1645.5,1647.25,21596,1646.610889
09/03/2013 09:13:21,1647.25,1648.75,1647,1648,21678,1647.797617
09/03/2013 09:17:17,1648,1648.5,1645.5,1645.75,21629,1647.073073
09/03/2013 09:21:27,1645.75,1646.25,1644,1644.5,21654,1645.206451
09/03/2013 09:26:00,1644.5,1645.25,1643.75,1645,21675,1644.493795
09/03/2013 09:30:32,1645,1645.75,1644.5,1645,21653,1645.123378
09/03/2013 09:37:01,1645,1646.5,1644.75,1646,21626,1645.875913
09/03/2013 09:44:58,1646,1647,1645.75,1646.75,21695,1646.390689
09/03/2013 09:50:20,1646.75,1647.75,1646.5,1646.5,21610,1647.111777
09/03/2013 09:57:05,1646.5,1646.5,1644.75,1644.75,21685,1645.775651
09/03/2013 10:01:34,1644.75,1646,1644.5,1645.5,21662,1645.201678
09/03/2013 10:11:46,1645.5,1646.5,1644.75,1646.25,21655,1645.651743
09/03/2013 10:18:05,1646.25,1646.75,1644,1644.75,21657,1645.391271
09/03/2013 10:20:24,1644.75,1645.25,1642.5,1643,21674,1643.60553
09/03/2013 10:23:01,1643,1643.25,1641.5,1641.75,21691,1642.441739
09/03/2013 10:24:27,1641.5,1642,1640,1640.5,21737,1640.819858
09/03/2013 10:27:02,1640.5,1641.5,1640.25,1640.75,21724,1640.844745
09/03/2013 10:28:20,1640.75,1640.75,1638.5,1639,21736,1639.455776
09/03/2013 10:30:17,1639,1639.5,1637.25,1637.5,21717,1638.441405
09/03/2013 10:32:31,1637.5,1639.5,1637.25,1639,21786,1638.508308
09/03/2013 10:35:56,1639,1639.5,1638.25,1638.5,21738,1638.922877
09/03/2013 10:39:54,1638.5,1639.25,1637.5,1639,21761,1638.409965
09/03/2013 10:45:22,1639,1640,1637.5,1637.75,21729,1638.926745
09/03/2013 10:48:37,1637.75,1638.5,1636.25,1637.25,21732,1637.129671
09/03/2013 10:53:37,1637.25,1639,1637.25,1639,21805,1638.184843
09/03/2013 11:00:39,1639,1639.25,1637.25,1637.5,21391,1637.977
09/03/2013 11:06:30,1637.5,1638.75,1637.25,1638.5,22129,1637.886868
09/03/2013 11:14:32,1638.5,1639.5,1638,1638.25,21741,1638.97745
09/03/2013 11:21:13,1638.25,1638.25,1636.25,1637,21772,1637.203346
09/03/2013 11:29:14,1637,1638.25,1636.25,1637,21764,1637.536138
09/03/2013 11:36:38,1637,1638.25,1636.5,1636.75,21760,1637.506468
09/03/2013 11:43:20,1636.75,1637.75,1635.5,1636.5,21780,1636.594708
09/03/2013 11:47:21,1636.5,1636.75,1634.25,1634.5,21524,1635.430264
09/03/2013 11:51:07,1634.5,1635,1633.75,1634.5,22073,1634.478503
09/03/2013 11:59:48,1634.5,1635.25,1633.25,1634,21791,1634.538686
09/03/2013 12:04:37,1634,1634,1632.5,1633,21829,1633.067754
09/03/2013 12:10:09,1633,1634.5,1632,1634.25,21831,1633.003195
09/03/2013 12:16:31,1634.25,1635.5,1634,1634.25,21713,1634.786292
09/03/2013 12:22:15,1634.25,1634.5,1632.25,1632.75,21906,1633.277812
09/03/2013 12:32:22,1632.75,1635,1632.5,1634,21813,1633.975267
09/03/2013 12:45:50,1634,1635.5,1633.75,1633.75,21801,1634.723935
09/03/2013 12:50:47,1633.75,1633.75,1631.5,1632.5,21825,1632.704044
09/03/2013 12:58:35,1632.5,1633.75,1632.25,1632.5,21822,1633.076356
09/03/2013 13:06:50,1632.5,1634.25,1631.5,1633.5,21824,1633.092009
09/03/2013 13:13:48,1633.5,1635.5,1633,1634.75,21806,1634.486449
09/03/2013 13:22:38,1634.75,1635.25,1632,1632,21807,1634.120386
09/03/2013 13:28:45,1632,1633.25,1631.5,1631.5,21684,1632.557635
09/03/2013 13:32:35,1631.5,1634.5,1631.25,1634,21966,1633.288628
09/03/2013 13:39:13,1634,1634.75,1632.5,1633.75,21820,1633.565479
09/03/2013 13:46:29,1633.75,1634,1631.5,1631.75,21795,1632.801032
09/03/2013 13:51:50,1631.75,1633.75,1630.75,1631.5,21864,1632.266923
09/03/2013 13:56:19,1631.25,1634.75,1631.25,1634,21795,1633.467183
09/03/2013 14:02:40,1634,1635.25,1633.75,1634.5,21827,1634.639792
09/03/2013 14:05:51,1634.75,1637,1634.5,1636.5,21784,1635.989901
09/03/2013 14:08:15,1636.5,1638.25,1636.5,1638,21768,1637.175051
09/03/2013 14:10:56,1638,1638.5,1637.25,1637.5,21758,1638.038078
09/03/2013 14:16:23,1637.5,1639,1637.25,1638.75,21754,1638.132298
09/03/2013 14:23:04,1638.75,1638.75,1637,1637.5,21762,1637.813792
09/03/2013 14:30:20,1637.5,1637.75,1636.5,1637.75,21773,1636.834726
09/03/2013 14:37:30,1637.75,1638.25,1636.75,1637.25,21761,1637.632324
09/03/2013 14:42:46,1637.25,1638.5,1637,1638.25,21760,1637.860225
09/03/2013 14:46:32,1638.25,1639.5,1638,1638.75,21703,1638.700537
09/03/2013 14:48:58,1638.75,1639,1635.75,1636,21813,1637.197336
09/03/2013 14:53:20,1636,1636.75,1635,1636.25,21786,1635.902885
09/03/2013 14:57:04,1636.25,1637.25,1636,1636.25,21779,1636.434983
09/03/2013 14:59:30,1636.25,1636.75,1635.5,1636,21772,1636.28818
09/03/2013 15:00:00,1636,1638,1636,1637.5,21740,1637.18543
09/03/2013 15:00:32,1637.5,1638,1637,1637.75,21796,1637.508281
09/03/2013 15:02:45,1637.75,1638.75,1637,1638.25,21753,1637.905875
09/03/2013 15:09:10,1638.25,1639,1637.5,1639,21766,1638.042509
09/03/2013 15:14:52,1639,1639.75,1637.5,1639.75,21715,1638.456608
09/03/2013 18:56:29,1639.75,1640,1636,1637.75,21793,1638.138795
09/04/2013 00:38:47,1637.5,1642.25,1636.75,1642,21740,1639.388627
09/04/2013 02:20:54,1642,1642.25,1636.75,1637,21732,1639.711992
09/04/2013 03:32:19,1637,1639.25,1636.5,1637.75,21764,1637.705925
09/04/2013 04:48:06,1637.5,1639.25,1636,1637.75,21762,1637.610525
09/04/2013 06:04:50,1637.75,1639.25,1636.25,1639,21761,1637.755618
09/04/2013 07:22:37,1639.25,1640,1637,1637.75,21749,1638.325383
09/04/2013 07:48:42,1637.75,1638,1635,1635.75,21763,1636.463447
09/04/2013 08:21:07,1635.75,1638.5,1635.5,1637.5,21783,1637.262625
09/04/2013 08:31:11,1637.5,1638.75,1637.25,1638.75,21762,1637.917884
09/04/2013 08:34:21,1638.5,1639.5,1638,1638.25,21742,1638.912543
09/04/2013 08:36:39,1638.25,1638.5,1635.25,1636,21732,1636.643774
09/04/2013 08:40:05,1636,1637.25,1635.75,1637,21818,1636.567158
09/04/2013 08:42:37,1637,1640,1637,1639.25,21754,1638.696102
09/04/2013 08:45:29,1639.25,1641.25,1638.75,1640.75,21720,1639.989618
09/04/2013 08:48:49,1640.75,1641.75,1640.5,1640.75,21723,1641.195127
09/04/2013 08:51:47,1640.75,1643,1640.75,1642.5,21675,1642.111061
09/04/2013 08:55:29,1642.5,1643.75,1642.25,1643,21701,1643.063004
09/04/2013 09:01:01,1643,1644.25,1642.25,1644,21707,1643.147821
09/04/2013 09:06:25,1644,1644.75,1643.75,1644.25,21674,1644.140099
09/04/2013 09:08:42,1644.5,1645.5,1644.25,1645.25,21619,1644.890906
09/04/2013 09:11:56,1645.25,1646.25,1644.5,1646,21690,1645.371899
09/04/2013 09:15:50,1646,1646.75,1645.5,1646.5,21668,1645.998131
09/04/2013 09:20:44,1646.5,1646.75,1645.5,1646.25,21658,1646.049023
09/04/2013 09:28:07,1646.25,1647,1645.5,1646.5,21501,1646.23928
09/04/2013 09:34:19,1646.5,1647.25,1645.75,1646.25,21794,1646.394879
09/04/2013 09:40:08,1646.25,1647.75,1645.75,1647.25,21595,1646.702813
09/04/2013 09:46:05,1647.25,1647.5,1646.25,1646.75,21688,1646.775025
09/04/2013 09:52:24,1646.75,1648,1646.5,1647.75,21602,1647.031039
09/04/2013 09:58:41,1647.75,1648,1646.75,1647.5,21671,1647.298094
09/04/2013 10:03:11,1647.5,1648.25,1647,1648.25,21599,1647.563058
09/04/2013 10:04:55,1648.25,1649.25,1648.25,1649,21648,1648.853878
09/04/2013 10:10:13,1649,1649.75,1648.75,1649.75,21570,1649.256548
09/04/2013 10:16:58,1649.75,1649.75,1648.5,1648.75,21571,1649.098118
09/04/2013 10:23:38,1648.75,1649,1648,1648.75,21673,1648.596318
09/04/2013 10:32:40,1648.75,1649.75,1648.25,1649.25,21537,1649.001439
09/04/2013 10:39:26,1649.25,1650,1648.75,1649.5,21683,1649.329256
09/04/2013 10:41:11,1649.5,1651,1649.25,1651,21616,1650.398813
09/04/2013 10:45:31,1651,1651.75,1650.5,1651.5,21564,1651.136257
09/04/2013 10:51:03,1651.5,1652,1651,1652,21584,1651.376842
09/04/2013 10:54:18,1652,1652.75,1652,1652.5,21589,1652.355412
09/04/2013 10:57:33,1652.25,1653.5,1652.25,1652.75,21559,1652.875458
09/04/2013 11:06:01,1652.75,1653.25,1652.5,1652.5,21552,1652.866323
09/04/2013 11:12:17,1652.5,1653.5,1652.25,1653.25,21549,1653.024781
09/04/2013 11:18:57,1653,1653.75,1652,1652.25,21585,1652.73214
09/04/2013 11:32:59,1652.25,1653,1652,1652.75,21568,1652.38964
09/04/2013 11:46:50,1652.75,1653.5,1652.25,1652.25,21564,1652.725179
09/04/2013 11:56:33,1652.25,1653,1652,1652.25,21568,1652.448616
09/04/2013 12:12:26,1652.25,1653,1652,1652.5,21561,1652.469041
09/04/2013 12:19:31,1652.5,1654.25,1652.25,1654,21559,1653.376757
09/04/2013 12:28:20,1654,1654.75,1653.75,1653.75,21534,1654.166794
09/04/2013 12:36:16,1653.75,1654.25,1653.25,1654,21556,1653.682235
09/04/2013 12:49:28,1654,1654.25,1652.5,1652.75,21563,1653.436036
09/04/2013 12:59:21,1652.75,1653,1651.25,1651.75,21562,1652.035873
09/04/2013 13:08:34,1651.75,1653.25,1651.5,1651.75,21577,1652.29265
09/04/2013 13:19:48,1651.75,1652.25,1651,1652,21582,1651.541725
09/04/2013 13:31:36,1652,1652.25,1650.75,1651.5,21562,1651.811196
09/04/2013 13:43:57,1651.5,1652.5,1651.25,1652.25,21583,1651.683211
09/04/2013 13:59:53,1652.25,1653.5,1651.5,1653,21575,1652.480313
09/04/2013 14:16:43,1653,1653.5,1652,1653.25,21562,1652.88402
09/04/2013 14:24:22,1653.25,1654.25,1651.5,1651.5,21550,1653.391265
09/04/2013 14:25:08,1651.5,1651.75,1650,1650.75,21589,1650.865973
09/04/2013 14:28:06,1650.75,1652.75,1650.5,1651.5,21582,1651.622289
09/04/2013 14:32:19,1651.5,1652.5,1650.25,1650.25,21573,1651.438685
09/04/2013 14:37:37,1650.25,1651.25,1649.5,1650.25,21593,1650.407922
09/04/2013 14:44:14,1650.25,1651,1649.5,1651,21603,1650.246054
09/04/2013 14:49:08,1651,1652.75,1650.75,1652,21573,1651.865723
09/04/2013 14:55:01,1652.25,1652.25,1650.75,1651.25,21551,1651.538803
09/04/2013 14:57:47,1651.25,1651.25,1649.5,1650.75,21621,1650.290609
09/04/2013 14:59:56,1650.75,1652,1650.5,1651.5,21583,1651.182146
09/04/2013 15:00:01,1651.5,1652.25,1651.5,1652,21570,1651.71611
09/04/2013 15:00:49,1652,1652.5,1651.25,1652,21547,1651.957245
09/04/2013 15:05:47,1652,1653,1652,1652.75,21607,1652.503656
09/04/2013 15:14:26,1652.75,1654,1652.75,1652.75,21540,1653.339009
09/04/2013 18:50:30,1652.75,1655.25,1652.75,1654.75,21550,1654.113434
09/05/2013 01:14:32,1654.75,1655.75,1653,1654,21557,1654.121318
09/05/2013 02:47:03,1654,1655.75,1652,1655.5,21543,1654.009841
09/05/2013 03:41:14,1655.5,1656.5,1653.5,1654.25,21537,1654.871047
09/05/2013 04:13:43,1654.25,1654.25,1651,1652.75,21562,1652.379046
09/05/2013 05:24:40,1652.75,1653,1650.5,1653,21541,1651.72391
09/05/2013 06:31:30,1653,1654.5,1652,1652.75,21598,1653.379364
09/05/2013 07:32:17,1652.75,1654.5,1652.25,1653.75,21557,1653.345537
09/05/2013 07:52:21,1653.5,1656,1653.5,1654,21533,1654.929364
09/05/2013 08:14:31,1654,1654.75,1652.25,1653.75,21555,1653.541533
09/05/2013 08:30:01,1653.75,1654.5,1652,1652.75,21559,1653.013869
09/05/2013 08:31:42,1652.75,1653,1651.25,1652.25,21567,1651.996882
09/05/2013 08:34:51,1652.25,1654.75,1651.75,1654.25,21536,1653.375534
09/05/2013 08:37:16,1654.25,1655.75,1654,1655,21557,1654.988762
09/05/2013 08:41:20,1655,1656.25,1654.75,1655.5,21529,1655.62158
09/05/2013 08:45:23,1655.5,1657.5,1654.75,1657.25,21511,1656.001976
09/05/2013 08:47:53,1657.25,1658,1657,1657.75,21502,1657.486815
09/05/2013 08:52:32,1657.75,1658.25,1656.5,1656.75,21513,1657.355599
09/05/2013 08:58:16,1656.75,1657.75,1656.5,1657,21505,1657.155371
09/05/2013 09:03:24,1657,1658,1656.5,1657,21497,1657.278423
09/05/2013 09:08:25,1657,1657.25,1655.25,1656.5,21529,1656.097822
09/05/2013 09:15:19,1656.5,1657.25,1656,1657.25,21491,1656.641222
09/05/2013 09:23:39,1657.25,1657.75,1655.75,1656,21530,1656.946714
09/05/2013 09:31:48,1655.75,1657.25,1655.75,1656.25,21471,1656.616716
09/05/2013 09:34:16,1656.25,1656.25,1653,1653,21580,1654.511677
09/05/2013 09:38:42,1653,1654.5,1652.75,1654,21549,1653.739617
09/05/2013 09:43:27,1654,1654.75,1653.5,1654.75,21544,1654.215048
09/05/2013 09:49:26,1654.75,1655,1652.75,1653.75,21471,1653.936263
09/05/2013 09:54:57,1653.75,1655.75,1653.5,1655.5,21614,1654.910301
09/05/2013 09:59:51,1655.5,1655.5,1652.5,1653,21539,1654.12258
09/05/2013 10:04:26,1653,1654.5,1652.75,1654.25,21557,1653.537354
09/05/2013 10:11:21,1654.25,1655,1652.75,1654.5,21552,1653.886809
09/05/2013 10:19:00,1654.5,1654.75,1654,1654.25,21542,1654.442043
09/05/2013 10:26:33,1654.25,1654.5,1653,1654,21543,1653.690421
09/05/2013 10:33:57,1654,1655,1653.75,1654.75,21547,1654.381318
09/05/2013 10:41:48,1654.75,1656.25,1654.5,1655.25,21533,1655.346561
09/05/2013 10:53:39,1655.25,1656,1654.75,1655.5,21516,1655.30956
09/05/2013 11:07:33,1655.5,1656,1655,1655,21518,1655.506181
09/05/2013 11:17:04,1655,1655.25,1654,1654.25,21530,1654.634464
09/05/2013 11:32:44,1654.25,1655.25,1653.75,1653.75,21491,1654.285189
09/05/2013 11:52:04,1653.75,1655,1653.75,1654.75,21618,1654.300606
09/05/2013 12:08:15,1654.75,1655,1654,1654,21548,1654.555481
09/05/2013 12:20:51,1654,1654.75,1653.25,1654.75,21549,1653.924939
09/05/2013 12:43:14,1654.75,1655.5,1654.25,1655.25,21484,1654.846246
09/05/2013 12:55:32,1655.25,1656.25,1654,1654,21581,1655.389683
09/05/2013 13:05:14,1654,1654.75,1653.5,1654.25,21544,1654.181512
09/05/2013 13:28:38,1654.25,1655.5,1654,1655,21533,1654.830388
09/05/2013 13:44:59,1655,1655.75,1654.5,1655,21526,1655.12284
09/05/2013 13:55:48,1655,1656.75,1654.5,1656,21534,1655.677696
09/05/2013 14:10:40,1656,1656.25,1654.75,1655,21519,1655.581707
09/05/2013 14:28:07,1655,1655.5,1654,1654.5,21547,1654.800483
09/05/2013 14:38:07,1654.5,1655,1653.25,1654,21525,1653.846365
09/05/2013 14:50:34,1654,1654.75,1653,1653.75,21575,1653.681831
09/05/2013 14:57:56,1653.75,1654,1653,1653.5,21533,1653.406678
09/05/2013 14:59:59,1653.5,1653.75,1652.75,1653.25,21573,1653.24438
09/05/2013 15:00:22,1653.25,1653.25,1652.5,1652.75,21564,1652.89166
09/05/2013 15:05:50,1652.75,1653.25,1652.5,1653.25,21485,1652.820351
09/05/2013 15:33:47,1653.25,1653.5,1652.5,1653,21639,1652.944163
09/05/2013 20:18:33,1653,1654,1648.5,1649,21586,1651.208943
09/06/2013 01:05:19,1649,1652.75,1648.75,1651.75,21585,1651.138047
09/06/2013 02:36:59,1651.75,1655.75,1651.5,1653.75,21541,1654.15098
09/06/2013 03:48:47,1653.75,1654.25,1652,1653,21564,1652.956618
09/06/2013 05:38:24,1653,1654,1652,1652.75,21525,1653.05489
09/06/2013 06:40:49,1652.75,1656,1652.75,1655.75,21578,1654.28865
09/06/2013 07:07:57,1655.75,1657.75,1655,1657.75,21516,1656.381263
09/06/2013 07:25:06,1657.75,1659.5,1657.5,1659,21484,1658.687605
09/06/2013 07:30:54,1659,1659.75,1656.25,1657.25,21493,1658.119981
09/06/2013 07:32:16,1657.25,1662.25,1657.25,1661.25,21468,1660.143807
09/06/2013 07:33:42,1661.25,1663.5,1660.75,1661.5,21443,1662.1509
09/06/2013 07:36:21,1661.5,1662.25,1659.5,1661.75,21439,1660.929614
09/06/2013 07:42:24,1662,1662.25,1658.25,1660.5,21485,1659.816628
09/06/2013 07:51:05,1660.5,1661.5,1658.75,1661,21452,1660.338407
09/06/2013 07:58:11,1661,1662.75,1660.5,1662.25,21391,1661.897796
09/06/2013 08:13:45,1662.25,1662.75,1660,1660,21517,1661.364561
09/06/2013 08:28:24,1660,1660.75,1659,1659.75,21475,1659.973795
09/06/2013 08:31:45,1659.75,1660.5,1658.5,1660,21479,1659.280332
09/06/2013 08:34:13,1660,1660.5,1657.75,1658.25,21484,1658.669789
09/06/2013 08:36:55,1658.5,1661,1658.25,1660,21435,1659.897096
09/06/2013 08:39:11,1660,1660.25,1657.75,1657.75,21449,1658.770794
09/06/2013 08:40:13,1657.75,1658,1656,1656.25,21578,1656.938398
09/06/2013 08:41:08,1656.25,1656.5,1654.25,1654.5,21513,1655.277588
09/06/2013 08:42:20,1654.5,1655,1653.25,1653.25,21561,1654.175235
09/06/2013 08:43:05,1653.25,1653.5,1652.5,1653,21566,1653.008613
09/06/2013 08:44:10,1653,1653,1650.5,1651,21570,1652.157418
09/06/2013 08:44:34,1651,1651,1648.25,1648.5,21605,1649.597026
09/06/2013 08:45:24,1648.5,1650,1648,1648.75,21608,1649.051937
09/06/2013 08:46:01,1648.75,1649,1646.5,1647.5,21602,1647.454784
09/06/2013 08:46:54,1647.25,1647.5,1645,1645.5,21668,1646.414505
09/06/2013 08:47:30,1645.5,1645.5,1642.5,1642.75,21693,1643.791799
09/06/2013 08:48:01,1642.75,1644.5,1642.25,1644,21683,1643.343472
09/06/2013 08:48:54,1644,1645,1643.75,1644.5,21649,1644.495392
09/06/2013 08:49:54,1644.5,1646.25,1644.5,1646.25,21678,1645.54538
09/06/2013 08:50:31,1646.25,1647.75,1646,1647,21648,1646.879342
09/06/2013 08:52:04,1647,1647.75,1646,1646.5,21630,1646.912506
09/06/2013 08:53:40,1646.5,1648.25,1645.25,1648,21650,1646.608591
09/06/2013 08:55:26,1648,1648.25,1645.5,1645.75,21642,1647.014682
09/06/2013 08:57:08,1645.75,1647,1644.5,1646.25,21647,1645.722479
09/06/2013 08:59:30,1646.25,1647,1644.5,1645.5,21662,1645.873938
09/06/2013 09:01:13,1645.5,1646.25,1643.75,1644,21643,1644.762983
09/06/2013 09:03:03,1644,1645.25,1642.75,1643,21701,1643.912366
09/06/2013 09:03:40,1643,1643,1640.5,1640.75,21709,1641.85939
09/06/2013 09:04:17,1640.75,1641.25,1639,1639.25,21729,1640.235181
09/06/2013 09:05:13,1639.25,1640.75,1638.75,1640,21661,1639.737674
09/06/2013 09:06:31,1640,1643,1640,1643,21782,1641.635662
09/06/2013 09:08:08,1643,1644.75,1642.75,1644.25,21675,1643.558501
09/06/2013 09:10:15,1644.25,1645,1643,1643.75,21681,1643.860546
09/06/2013 09:12:05,1643.75,1646,1643.5,1646,21672,1644.762516
09/06/2013 09:13:40,1646,1646.75,1644.25,1644.75,21662,1645.553377
09/06/2013 09:15:42,1644.75,1647.75,1644.25,1647.5,21654,1645.82031
09/06/2013 09:17:06,1647.5,1648.25,1646.5,1647.5,21631,1647.350793
09/06/2013 09:19:44,1647.5,1648.75,1647,1647.5,21626,1647.848839
09/06/2013 09:23:14,1647.5,1648.75,1646.75,1648.5,21505,1647.66631
09/06/2013 09:26:48,1648.5,1648.5,1646.25,1648.5,21761,1647.512442
09/06/2013 09:29:10,1648.5,1649.5,1648.25,1648.75,21612,1649.024651
09/06/2013 09:31:24,1648.75,1650.25,1648.5,1649.25,21607,1649.464479
09/06/2013 09:35:46,1649.25,1650.5,1648.5,1650.25,21601,1649.443359
09/06/2013 09:40:46,1650.25,1650.75,1648.75,1650,21595,1649.724404
09/06/2013 09:43:21,1650,1652.25,1650,1652.25,21456,1651.274422
09/06/2013 09:45:00,1652,1653.5,1652,1653.5,21700,1652.768065
09/06/2013 09:46:17,1653.5,1654.5,1653.5,1654.25,21424,1653.941444
09/06/2013 09:48:33,1654.25,1655.25,1654.25,1654.75,21665,1654.692869
09/06/2013 09:51:30,1654.75,1655.5,1654,1654.25,21535,1654.670374
09/06/2013 09:56:10,1654.25,1655,1653.5,1654.75,21544,1654.165359
09/06/2013 09:57:59,1654.75,1657.25,1654.75,1656.25,21520,1656.309305
09/06/2013 10:00:36,1656.5,1658.25,1656.25,1658,21502,1657.101316
09/06/2013 10:03:42,1658,1659,1657.5,1659,21472,1658.107989
09/06/2013 10:05:24,1659,1660.25,1658.25,1659.5,21451,1659.152883
09/06/2013 10:08:34,1659.5,1659.75,1658.25,1658.5,21542,1658.749745
09/06/2013 10:12:41,1658.5,1659.75,1658,1659.5,21487,1658.571159
09/06/2013 10:16:34,1659.5,1659.75,1658.25,1658.5,21482,1658.924774
09/06/2013 10:19:27,1658.5,1658.5,1657.25,1657.75,21498,1657.860324
09/06/2013 10:24:44,1657.75,1658.5,1657.5,1657.75,21496,1657.958015
09/06/2013 10:30:00,1657.75,1659.25,1657.75,1659.25,21482,1658.559573
09/06/2013 10:34:45,1659.25,1660,1658.25,1660,21488,1659.030261
09/06/2013 10:38:11,1660,1660.5,1659.5,1659.75,21468,1660.093989
09/06/2013 10:42:12,1659.75,1660.5,1659,1659.5,21467,1659.603065
09/06/2013 10:50:23,1659.5,1659.75,1658.5,1658.75,21486,1659.074409
09/06/2013 11:00:12,1658.75,1659.75,1658,1659.25,21298,1658.780367
09/06/2013 11:06:59,1659.25,1660.25,1658.5,1659,21656,1659.382434
09/06/2013 11:18:57,1659,1660,1658.75,1660,21459,1659.39325
09/06/2013 11:29:30,1660,1660.5,1658.75,1659.25,21499,1659.637413
09/06/2013 11:39:50,1659.25,1659.5,1657,1657,21483,1658.555067
09/06/2013 11:45:20,1657,1657.75,1656,1657.25,21437,1656.784788
09/06/2013 11:59:42,1657.25,1658,1656.5,1657.75,21587,1657.236635
09/06/2013 12:06:48,1657.75,1659.75,1657.5,1659.25,21477,1658.73098
09/06/2013 12:20:02,1659.25,1660.75,1658.75,1660.75,21467,1659.45825
09/06/2013 12:32:56,1660.75,1660.75,1659,1659.5,21490,1659.683562
09/06/2013 12:46:16,1659.5,1660.75,1659.25,1660.25,21469,1660.04241
09/06/2013 12:49:44,1660.25,1662.25,1659.5,1661.75,21415,1661.230049
09/06/2013 12:53:13,1661.75,1663.25,1661.75,1663,21410,1662.639596
09/06/2013 13:02:09,1663,1663,1661.75,1662,21503,1662.349916
09/06/2013 13:08:16,1662,1663.75,1662,1663.75,21428,1662.778444
09/06/2013 13:15:19,1663.75,1664,1661.5,1662,21441,1662.544669
09/06/2013 13:30:21,1662,1662.5,1661.25,1662.25,21444,1661.796447
09/06/2013 13:41:48,1662.25,1663.25,1661.5,1661.75,21432,1662.370824
09/06/2013 13:51:50,1661.75,1662.25,1660.75,1662,21453,1661.602258
09/06/2013 14:00:17,1662,1662.5,1660,1660.5,21460,1661.063246
09/06/2013 14:07:38,1660.5,1661.5,1659.75,1659.75,21461,1660.621826
09/06/2013 14:09:10,1659.75,1660,1657.25,1658.25,21478,1658.546711
09/06/2013 14:12:18,1658,1659,1656.5,1656.5,21504,1657.786086
09/06/2013 14:15:11,1656.5,1658,1656.25,1657.75,21509,1657.195686
09/06/2013 14:20:25,1657.75,1659,1657.25,1658.75,21494,1658.138399
09/06/2013 14:25:35,1658.75,1659.5,1657.75,1658,21470,1658.626735
09/06/2013 14:35:28,1658,1658.75,1656.75,1657.25,21508,1657.956946
09/06/2013 14:40:28,1657,1657.5,1655.5,1657.5,21496,1656.576852
09/06/2013 14:46:50,1657.5,1658.5,1655.75,1656,21520,1657.325035
09/06/2013 14:49:57,1656,1656.5,1654.5,1654.5,21514,1655.438447
09/06/2013 14:55:12,1654.5,1656.25,1654.25,1655.75,21548,1655.192257
09/06/2013 14:57:00,1655.75,1655.75,1653.75,1653.75,21523,1654.549064
09/06/2013 14:58:16,1653.75,1654.25,1653,1653.25,21568,1653.602443
09/06/2013 14:59:49,1653.25,1653.75,1652.75,1653.5,21476,1653.285761
09/06/2013 15:00:04,1653.5,1654.5,1653.5,1654.5,21635,1653.78581
09/06/2013 15:01:09,1654.5,1654.5,1653.25,1653.75,21533,1653.784076
09/06/2013 15:06:07,1653.75,1653.75,1652.5,1653.5,21565,1653.171574
09/06/2013 15:14:48,1653.75,1654.25,1653,1654,21561,1653.589386
09/08/2013 18:15:59,1653.75,1658,1652,1656.25,21533,1654.820218
09/09/2013 00:58:06,1656.25,1659.25,1654.75,1657.75,21512,1656.723817
09/09/2013 02:42:26,1657.75,1659.25,1656.5,1656.5,21500,1657.944291
09/09/2013 03:59:02,1656.5,1659.75,1656.5,1659.5,21490,1658.373627
09/09/2013 05:33:26,1659.5,1659.5,1656.5,1658,21499,1657.594318
09/09/2013 06:37:59,1658,1659,1656,1657.25,21501,1657.494047
09/09/2013 07:56:17,1657.25,1658.25,1656.5,1657.5,21507,1657.249977
09/09/2013 08:30:11,1657.5,1659.5,1657.5,1659.5,21488,1658.484247
09/09/2013 08:31:24,1659.5,1661.75,1659,1661,21460,1660.57825
09/09/2013 08:35:30,1661,1661.5,1660,1661.5,21462,1660.712597
09/09/2013 08:38:41,1661.5,1662.25,1660.75,1661.75,21446,1661.533981
09/09/2013 08:44:13,1661.75,1662,1660,1660.25,21456,1660.996318
09/09/2013 08:47:59,1660.25,1662.5,1660.25,1662,21451,1661.738346
09/09/2013 08:51:51,1662,1663.25,1661.25,1663,21435,1662.364871
09/09/2013 08:55:14,1663,1664,1662.75,1664,21398,1663.492184
09/09/2013 08:59:12,1664,1664.75,1663.75,1664,21403,1664.210461
09/09/2013 09:01:56,1664,1665.25,1663.5,1664.5,21426,1664.456326
09/09/2013 09:05:44,1664.5,1664.75,1662.5,1662.5,21448,1663.595557
09/09/2013 09:10:02,1662.75,1663.25,1661.75,1662,21428,1662.62556
09/09/2013 09:15:59,1662,1662.5,1661,1662,21363,1661.865667
09/09/2013 09:21:00,1662,1663.25,1661.5,1662.5,21530,1662.261507
09/09/2013 09:29:12,1662.5,1662.75,1661,1661.5,21374,1661.924991
09/09/2013 09:35:40,1661.5,1662.25,1660.25,1661.75,21501,1661.261953
09/09/2013 09:43:45,1661.75,1663,1661.25,1662.75,21449,1662.036552
09/09/2013 09:53:02,1663,1663,1661.5,1661.75,21454,1662.20114
09/09/2013 10:01:42,1661.75,1662.5,1660.75,1662.25,21434,1661.842435
09/09/2013 10:08:25,1662.25,1663,1661.25,1662.5,21455,1662.107038
09/09/2013 10:15:31,1662.5,1663.25,1662.25,1662.75,21428,1662.627998
09/09/2013 10:24:26,1662.75,1662.75,1661,1661.5,21433,1661.742232
09/09/2013 10:30:58,1661.5,1662.5,1661,1662.25,21464,1661.91346
09/09/2013 10:35:53,1662.25,1663,1661.75,1662,21438,1662.221324
09/09/2013 10:41:05,1662,1664,1662,1664,21431,1663.152361
09/09/2013 10:48:56,1664,1664.5,1663.5,1664.25,21414,1664.012515
09/09/2013 10:57:34,1664.25,1664.75,1663.5,1663.75,21409,1664.13123
09/09/2013 11:05:19,1663.75,1664.75,1663.5,1664.75,21426,1664.275775
09/09/2013 11:12:54,1664.75,1666,1664.25,1665.75,21408,1664.921933
09/09/2013 11:15:41,1665.75,1667,1665.5,1667,21387,1666.360908
09/09/2013 11:29:40,1667,1667,1665.75,1666.5,21341,1666.358336
09/09/2013 11:37:10,1666.5,1666.75,1665,1665.5,21427,1665.747608
09/09/2013 11:48:14,1665.5,1666,1665.25,1665.75,21405,1665.562883
09/09/2013 12:06:40,1665.75,1666.75,1665.25,1666.25,21400,1665.808178
09/09/2013 12:23:28,1666.25,1666.5,1665.25,1666.25,21375,1665.801076
09/09/2013 12:36:19,1666.25,1667,1665.5,1666.5,21335,1666.194446
09/09/2013 12:47:53,1666.5,1667.75,1665.75,1667,21443,1666.765716
09/09/2013 12:59:30,1667,1668.5,1666.75,1668.5,21375,1667.454737
09/09/2013 13:04:08,1668.5,1669.5,1668.25,1669.5,21360,1668.821512
09/09/2013 13:15:54,1669.5,1669.75,1668.75,1669.5,21357,1669.19304
09/09/2013 13:19:23,1669.5,1671,1669.25,1670.5,21320,1670.354667
09/09/2013 13:21:43,1670.75,1671.75,1670.75,1671.25,21341,1671.251394
09/09/2013 13:26:14,1671.25,1671.5,1670.5,1670.75,21329,1671.002356
09/09/2013 13:34:51,1670.75,1671,1670.25,1670.5,21334,1670.49782
09/09/2013 13:44:19,1670.5,1670.5,1669.5,1670.25,21337,1669.993052
09/09/2013 13:56:20,1670.25,1670.5,1669.75,1670.25,21343,1670.147812
09/09/2013 14:08:44,1670.25,1670.5,1669,1670,21266,1669.876681
09/09/2013 14:17:33,1670,1671,1669.75,1670.75,21410,1670.283828
09/09/2013 14:23:30,1670.75,1671.5,1669.25,1669.5,21338,1670.42736
09/09/2013 14:34:52,1669.5,1670.75,1669,1670,21342,1669.876183
09/09/2013 14:42:37,1670,1670.25,1669,1669.25,21338,1669.581884
09/09/2013 14:51:14,1669.25,1670.25,1668.75,1669.75,21354,1669.517479
09/09/2013 14:56:24,1669.75,1670.5,1669.5,1670,21340,1670.050223
09/09/2013 14:59:35,1670.25,1670.75,1670,1670.5,21338,1670.306191
09/09/2013 15:00:00,1670.25,1670.75,1670,1670.5,21331,1670.336166
09/09/2013 15:00:50,1670.25,1671,1670.25,1670.75,21295,1670.592557
09/09/2013 15:04:11,1670.75,1671.25,1670.75,1671,21347,1671.035649
09/09/2013 15:10:46,1671,1671.25,1669.5,1669.75,21183,1670.483466
09/09/2013 15:14:29,1669.75,1669.75,1668.25,1668.75,21492,1669.1307
09/09/2013 17:27:12,1668.75,1672.25,1668.5,1672,21364,1670.129482
09/09/2013 22:30:00,1672,1672.25,1669,1669.75,21342,1670.633118
09/10/2013 02:00:08,1669.75,1673,1669.5,1672.75,21277,1671.548057
09/10/2013 02:45:00,1672.75,1674.75,1671.5,1674.75,21341,1673.019317
09/10/2013 03:04:05,1674.75,1677.25,1674.5,1676.5,21265,1676.27463
09/10/2013 04:19:35,1676.5,1677.75,1676,1676.25,21226,1676.915952
09/10/2013 05:44:48,1676.25,1678.25,1675.75,1678,21277,1677.114878
09/10/2013 06:17:15,1678,1678.75,1677,1678.5,21240,1677.978931
09/10/2013 06:36:23,1678.5,1680.5,1678,1680.25,21225,1679.075135
09/10/2013 06:52:46,1680.25,1681.25,1679.5,1680.25,21208,1680.427351
09/10/2013 07:25:20,1680.25,1680.75,1679.25,1679.75,21213,1680.056699
09/10/2013 07:53:17,1679.75,1680.75,1679,1679,21210,1679.795014
09/10/2013 08:11:31,1679,1680,1678.5,1679.25,21229,1679.251766
09/10/2013 08:30:00,1679.25,1680.75,1679,1680.5,21212,1679.657258
09/10/2013 08:32:00,1680.5,1680.75,1679.25,1679.5,21210,1680.011881
09/10/2013 08:35:10,1679.5,1680,1678.75,1679,21230,1679.349435
09/10/2013 08:37:18,1679,1679.25,1676.75,1677,21237,1678.15101
09/10/2013 08:40:36,1677,1678.25,1677,1677.25,21245,1677.587868
09/10/2013 08:44:06,1677.25,1678.75,1677,1677.75,21236,1678.019589
09/10/2013 08:48:44,1677.75,1679.25,1677.25,1679,21238,1678.299746
09/10/2013 08:52:44,1679,1680.25,1678.5,1680.25,21221,1679.477275
09/10/2013 08:55:18,1680.25,1681,1679.25,1681,21208,1680.099184
09/10/2013 08:59:06,1681,1681.25,1680,1680,21209,1680.58705
09/10/2013 09:03:37,1680,1680.5,1679,1680.25,21217,1679.78423
09/10/2013 09:06:39,1680.25,1681.5,1679.5,1681.25,21210,1680.358286
09/10/2013 09:09:51,1681.25,1681.75,1680,1680.5,21202,1680.697646
09/10/2013 09:14:07,1680.5,1681,1679.75,1680.75,21209,1680.417417
09/10/2013 09:16:43,1680.75,1682,1679.25,1679.5,21179,1680.775155
09/10/2013 09:21:10,1679.5,1680.5,1679,1680.25,21242,1679.74142
09/10/2013 09:26:56,1680.25,1681.25,1680,1681,21206,1680.568872
09/10/2013 09:32:13,1681,1682.25,1680.75,1682.25,21189,1681.570638
09/10/2013 09:38:45,1682.25,1682.25,1680.75,1681.5,21196,1681.421117
09/10/2013 09:44:27,1681.5,1682.5,1681.25,1682,21196,1681.866638
09/10/2013 09:48:32,1682,1682.75,1681.25,1682,21183,1682.028384
09/10/2013 09:54:05,1682,1682.5,1681.75,1682.5,21193,1682.051715
09/10/2013 09:59:43,1682.5,1683,1681.75,1682,21105,1682.362296
09/10/2013 10:03:43,1682,1682.25,1681.25,1682,21270,1681.818653
09/10/2013 10:07:55,1682,1682.25,1681,1681.5,21192,1681.567761
09/10/2013 10:16:57,1681.5,1682,1680.75,1681.5,21195,1681.509306
09/10/2013 10:24:41,1681.5,1681.5,1680.75,1681.25,21195,1681.198809
09/10/2013 10:29:51,1681.25,1681.75,1681,1681,21180,1681.370798
09/10/2013 10:34:04,1681,1681.25,1680,1680,21059,1680.633067
09/10/2013 10:40:01,1680,1680.5,1679.5,1679.5,21378,1679.928946
09/10/2013 10:44:23,1679.5,1679.75,1678.25,1678.25,21226,1679.092822
09/10/2013 10:47:49,1678.25,1678.25,1676.75,1677.5,21245,1677.686926
09/10/2013 10:54:08,1677.5,1678.75,1677.5,1678.75,21239,1678.0337
09/10/2013 10:59:24,1678.75,1679,1678,1678.5,21197,1678.619156
09/10/2013 11:07:29,1678.5,1679.75,1678.25,1679.5,21247,1678.97016
09/10/2013 11:15:35,1679.5,1680,1679.25,1679.75,21229,1679.591997
09/10/2013 11:27:00,1679.75,1680,1679,1679.5,21211,1679.505999
09/10/2013 11:37:38,1679.5,1680.25,1678.75,1680,21222,1679.484474
09/10/2013 11:52:13,1680,1680.25,1678.5,1679.75,21231,1679.42644
09/10/2013 12:03:27,1679.75,1681.25,1679.5,1680.25,21207,1680.415841
09/10/2013 12:10:25,1680.25,1680.75,1679.75,1680.25,21179,1680.26086
09/10/2013 12:19:18,1680.25,1680.75,1679,1680.5,21249,1679.773601
09/10/2013 12:22:30,1680.75,1681.75,1680.25,1681.5,21203,1680.900132
09/10/2013 12:27:11,1681.5,1682,1681,1681.25,21194,1681.470664
09/10/2013 12:32:26,1681.25,1682,1680.75,1681.25,21196,1681.342801
09/10/2013 12:39:23,1681.25,1681.5,1680.25,1680.75,21184,1680.951131
09/10/2013 12:46:52,1680.75,1681.5,1680.75,1681.5,21193,1681.182619
09/10/2013 12:57:54,1681.5,1681.75,1680.5,1681.25,21215,1681.149764
09/10/2013 13:07:41,1681.25,1681.75,1680.75,1681,21207,1681.202469
09/10/2013 13:12:10,1681,1682,1680.25,1681.25,21194,1680.977965
09/10/2013 13:20:50,1681.25,1681.75,1680.25,1680.75,21206,1681.052874
09/10/2013 13:32:45,1680.75,1681.5,1679.75,1679.75,21206,1680.716743
09/10/2013 13:40:41,1680,1680.25,1679.25,1680.25,21217,1679.767839
09/10/2013 13:51:01,1680.25,1681,1680,1680.5,21182,1680.41586
09/10/2013 13:59:28,1680.5,1681.75,1680,1681.75,21211,1680.755811
09/10/2013 14:04:57,1681.75,1682,1681.25,1681.5,21185,1681.498017
09/10/2013 14:12:06,1681.5,1682.5,1681,1681.5,21219,1681.659786
09/10/2013 14:19:17,1681.5,1681.75,1680.5,1681.75,21201,1681.206382
09/10/2013 14:26:46,1681.75,1682.5,1681.25,1682.25,21159,1681.885793
09/10/2013 14:33:55,1682,1682.75,1681.75,1682.25,21211,1682.175051
09/10/2013 14:40:08,1682.25,1682.75,1681.5,1682,21192,1682.168436
09/10/2013 14:46:25,1682,1682.25,1680.25,1681.25,21195,1681.400401
09/10/2013 14:52:15,1681.5,1682.5,1681.25,1681.5,21192,1681.776944
09/10/2013 14:57:55,1681.5,1682,1681,1681.75,21188,1681.414456
09/10/2013 14:59:45,1681.75,1683,1681.5,1683,21191,1682.394436
09/10/2013 15:00:00,1683,1683.25,1682.75,1683,21168,1683.106458
09/10/2013 15:00:22,1683.25,1683.25,1682,1682.5,21099,1682.577824
09/10/2013 15:02:56,1682.5,1683,1682.25,1682.5,21266,1682.632336
09/10/2013 15:06:49,1682.5,1683,1682.25,1682.5,21181,1682.602745
09/10/2013 15:14:59,1682.5,1682.75,1681.75,1682.75,21178,1682.132732
09/10/2013 19:57:01,1682.75,1683,1680.25,1681,21173,1681.916462
09/10/2013 21:14:26,1681,1684,1679.75,1681,21218,1681.797083
09/11/2013 02:08:23,1681,1682.75,1679.75,1680.75,21202,1680.816774
09/11/2013 03:16:48,1680.75,1682.5,1679.75,1682.25,21201,1680.909426
09/11/2013 04:55:48,1682.25,1683.5,1680.5,1681.25,21189,1682.189202
09/11/2013 06:27:33,1681.25,1683,1680.5,1682.5,21189,1681.999929
09/11/2013 07:11:50,1682.5,1682.75,1679.75,1680.75,21200,1681.042936
09/11/2013 08:05:21,1680.75,1681.75,1680.25,1681,21176,1680.91063
09/11/2013 08:30:00,1681,1681.25,1679.25,1680.75,21237,1680.242125
09/11/2013 08:30:58,1680.75,1681.75,1680.5,1681.75,21195,1681.210675
09/11/2013 08:33:45,1681.75,1682,1680.25,1680.5,21197,1681.522633
09/11/2013 08:36:28,1680.5,1682,1679.75,1682,21201,1681.073664
09/11/2013 08:38:52,1682,1682.75,1680.75,1681.5,21187,1681.824314
09/11/2013 08:42:05,1681.5,1682.75,1681.5,1682.25,21185,1682.176623
09/11/2013 08:47:36,1682.25,1682.75,1681.25,1682,21194,1681.845829
09/11/2013 08:53:01,1682,1682.25,1680.5,1680.75,21196,1681.358617
09/11/2013 08:57:04,1680.75,1681.25,1679,1679,21206,1680.140503
09/11/2013 09:01:39,1679,1680.25,1678.5,1680.25,21201,1679.34575
09/11/2013 09:05:05,1680.25,1681,1680,1680.5,21226,1680.406871
09/11/2013 09:09:07,1680.5,1681.5,1680.25,1680.25,21212,1680.832524
09/11/2013 09:12:16,1680.25,1680.5,1679.25,1679.5,21209,1679.915767
09/11/2013 09:15:31,1679.5,1681,1679.25,1679.25,21222,1679.918822
09/11/2013 09:18:51,1679.25,1680.25,1678.5,1679,21216,1679.17528
09/11/2013 09:21:57,1679,1679.5,1677.75,1678,21238,1678.652851
09/11/2013 09:27:59,1678.25,1679,1678,1678.75,21232,1678.434545
09/11/2013 09:34:08,1678.75,1679.25,1677.75,1679,21207,1678.557894
09/11/2013 09:37:25,1679,1680,1678.75,1679,21247,1679.447922
09/11/2013 09:45:58,1679,1680,1678.75,1679.25,21219,1679.343996
09/11/2013 09:53:31,1679.25,1679.5,1678.25,1679.5,21222,1679.002474
09/11/2013 10:00:19,1679.5,1680.25,1679,1680.25,21209,1679.732649
09/11/2013 10:06:03,1680.25,1680.75,1680,1680.25,21216,1680.379961
09/11/2013 10:11:15,1680.25,1681.75,1680,1681.5,21208,1681.053081
09/11/2013 10:16:50,1681.5,1682.25,1681.25,1681.75,21190,1681.749929
09/11/2013 10:23:46,1681.75,1682.25,1681,1681.75,21194,1681.556596
09/11/2013 10:29:29,1681.75,1682.25,1681.5,1681.75,21184,1681.781132
09/11/2013 10:32:28,1681.75,1683.25,1681.5,1683.25,21178,1682.360775
09/11/2013 10:33:53,1683.25,1684.5,1683.25,1683.5,21175,1683.764144
09/11/2013 10:37:31,1683.5,1685.25,1683.5,1685.25,21164,1684.308968
09/11/2013 10:39:48,1685.25,1685.75,1684.5,1684.75,21124,1685.120171
09/11/2013 10:48:04,1684.75,1685,1684.25,1685,21182,1684.633474
09/11/2013 10:55:41,1685,1685,1684,1684.5,21152,1684.411569
09/11/2013 11:02:18,1684.5,1684.75,1683.75,1683.75,21145,1684.43035
09/11/2013 11:08:31,1683.75,1684.5,1683.5,1684.25,21177,1684.015618
09/11/2013 11:14:39,1684.25,1685.25,1684,1685,21159,1684.550357
09/11/2013 11:19:22,1685,1685.5,1684.75,1685.25,21138,1684.961479
09/11/2013 11:26:04,1685.25,1685.5,1684.5,1684.75,21073,1684.892078
09/11/2013 11:30:02,1684.75,1686,1684.25,1686,21225,1685.024653
09/11/2013 11:38:35,1686,1686.25,1684.75,1685.25,21165,1685.401394
09/11/2013 11:48:22,1685.25,1685.75,1684.5,1684.75,21146,1685.133737
09/11/2013 11:57:06,1684.75,1686,1684.5,1685.5,21088,1685.366796
09/11/2013 12:07:58,1685.5,1686.25,1685.25,1685.25,21203,1685.639709
09/11/2013 12:13:29,1685.25,1685.5,1684.75,1685.25,21141,1685.235975
09/11/2013 12:24:54,1685.25,1685.75,1684.75,1685.25,21154,1685.190638
09/11/2013 12:32:56,1685.25,1686.75,1685,1686.75,21140,1685.92921
09/11/2013 12:39:05,1686.75,1687.5,1686.25,1686.5,21122,1686.896033
09/11/2013 12:48:43,1686.5,1687.5,1686.5,1687.25,21130,1687.039837
09/11/2013 12:59:49,1687.25,1687.25,1686.5,1686.75,21082,1686.910362
09/11/2013 13:12:10,1686.75,1687.75,1686.5,1686.5,20982,1686.986167
09/11/2013 13:20:17,1686.5,1686.75,1685.75,1686,21319,1686.332931
09/11/2013 13:29:44,1686,1686.75,1685.5,1686.25,21112,1686.04694
09/11/2013 13:39:53,1686.25,1686.75,1686,1686.25,21161,1686.441921
09/11/2013 13:53:04,1686.25,1687,1685.75,1685.75,21133,1686.38667
09/11/2013 14:01:37,1685.75,1686.25,1685,1685.75,21143,1685.594499
09/11/2013 14:09:20,1685.75,1686.25,1685.25,1685.5,21143,1685.705907
09/11/2013 14:17:36,1685.5,1685.75,1685,1685,21146,1685.365258
09/11/2013 14:28:45,1685,1685.5,1684.5,1685,21122,1685.007658
09/11/2013 14:37:09,1685,1685.5,1684.25,1685,21182,1684.826539
09/11/2013 14:45:15,1685,1686,1684.75,1685.75,21117,1685.365357
09/11/2013 14:51:27,1685.75,1685.75,1684.5,1685.25,21173,1685.193123
09/11/2013 14:58:19,1685.5,1687,1684.75,1686.75,21142,1685.939658
09/11/2013 14:59:49,1686.75,1687.75,1686.75,1687.5,21103,1687.31255
09/11/2013 15:00:10,1687.5,1688.5,1687.25,1688,21116,1688.1344
09/11/2013 15:02:48,1688.25,1688.25,1687.5,1688.25,21116,1688.018635
09/11/2013 15:10:57,1688.25,1688.5,1687.75,1688.5,21112,1688.206885
09/11/2013 15:59:49,1688.25,1690,1688.25,1690,20805,1688.823949
09/11/2013 20:12:23,1690,1690.5,1687.5,1688.25,21396,1689.053328
09/12/2013 01:15:44,1688.25,1690,1687.25,1687.5,21094,1688.188821
09/12/2013 03:14:11,1687.5,1688.25,1686.75,1687.5,21140,1687.512382
09/12/2013 04:34:22,1687.5,1687.75,1685.25,1685.75,21137,1686.536074
09/12/2013 06:05:48,1685.75,1687.75,1685.25,1687.5,21128,1686.652736
09/12/2013 06:58:49,1687.5,1688.75,1686.75,1688.75,21118,1687.842717
09/12/2013 07:33:52,1688.75,1689.5,1687,1687.5,21110,1688.303209
09/12/2013 08:25:41,1687.5,1689,1687.25,1687.5,21106,1688.15267
09/12/2013 08:31:26,1687.5,1689,1687,1688.5,21115,1687.949372
09/12/2013 08:36:09,1688.5,1688.75,1686.75,1687.5,21122,1687.622976
09/12/2013 08:38:53,1687.5,1687.5,1685.5,1685.75,21132,1686.399548
09/12/2013 08:42:01,1685.75,1686.75,1685,1685.5,21124,1685.821589
09/12/2013 08:47:31,1685.5,1687.25,1685.25,1687,21132,1686.169009
09/12/2013 08:51:33,1687,1687.5,1686.25,1686.75,21147,1686.903119
09/12/2013 08:58:04,1686.75,1688,1686.25,1687.75,21116,1687.291532
09/12/2013 09:06:29,1687.75,1688.75,1687,1688.25,21118,1687.912397
09/12/2013 09:18:11,1688.25,1688.75,1687,1687,21115,1687.707921
09/12/2013 09:30:01,1687,1689.5,1687,1689.5,21112,1688.266791
09/12/2013 09:42:04,1689.5,1690,1688.75,1689.5,21098,1689.412954
09/12/2013 09:56:21,1689.5,1689.75,1688.5,1688.75,21098,1689.059472
09/12/2013 10:08:07,1688.75,1688.75,1687.5,1688.25,21111,1688.178355
09/12/2013 10:17:36,1688.25,1688.25,1686.25,1686.25,21126,1687.090682
09/12/2013 10:25:19,1686.25,1687.25,1685.25,1686.5,21134,1686.061914
09/12/2013 10:33:27,1686.5,1687.5,1685.5,1686,21125,1686.621586
09/12/2013 10:39:04,1686,1686.25,1684.25,1684.25,21155,1685.19857
09/12/2013 10:51:46,1684.25,1685.5,1684.25,1684.5,21151,1684.836793
09/12/2013 11:03:26,1684.5,1686.25,1684,1684.25,21150,1685.163333
09/12/2013 11:11:50,1684.25,1685,1683.75,1683.75,21160,1684.443596
09/12/2013 11:21:18,1683.75,1684,1682.5,1683,21161,1683.278543
09/12/2013 11:28:26,1683,1683,1681.75,1682.75,21138,1682.26398
09/12/2013 11:43:55,1682.75,1684.5,1682.5,1684,21226,1683.587746
09/12/2013 12:08:58,1684,1684.75,1683.25,1684.5,21159,1684.150149
09/12/2013 12:21:48,1684.5,1687.25,1684.5,1687,21141,1686.004541
09/12/2013 12:44:55,1687,1687.5,1685.5,1686,21130,1686.592239
09/12/2013 13:10:32,1686,1686.75,1685.5,1686.5,21092,1686.147212
09/12/2013 13:25:43,1686.5,1686.75,1685,1685.25,21183,1685.7743
09/12/2013 13:44:29,1685.25,1686.25,1683.75,1684.5,21153,1685.040455
09/12/2013 13:58:19,1684.5,1686.75,1684.25,1686.25,21142,1685.542806
09/12/2013 14:09:02,1686,1686.75,1684.5,1684.75,21119,1685.506665
09/12/2013 14:17:41,1684.75,1684.75,1682.75,1683,21184,1683.712377
09/12/2013 14:25:34,1683,1684,1682.5,1683.75,21180,1683.157625
09/12/2013 14:37:04,1683.75,1684.25,1683.25,1683.75,21157,1683.78461
09/12/2013 14:48:25,1683.75,1684.25,1682,1682.25,21182,1683.343063
09/12/2013 14:55:32,1682.25,1682.75,1681.25,1682.75,21181,1682.189911
09/12/2013 14:59:49,1682.75,1683,1682,1682.75,21179,1682.489719
09/12/2013 15:00:01,1682.75,1684.5,1682.5,1684.5,21179,1683.534681
09/12/2013 15:01:12,1684.5,1685,1684.25,1684.5,21073,1684.653383
09/12/2013 15:09:14,1684.5,1685,1683.75,1684.5,21237,1684.411758
09/12/2013 19:11:12,1684.25,1685.75,1678,1680.5,21165,1684.087928
09/13/2013 01:11:55.906,1680.5,1680.75,1674,1675.75,21232,1677.726922
09/13/2013 03:19:20.555,1675.75,1679,1675.5,1676,21261,1677.036546
09/13/2013 06:28:35.328,1676,1677.5,1674.75,1677.25,21259,1676.295734
09/13/2013 07:30:16.382,1677.25,1680.5,1677,1679.5,21227,1679.10184
09/13/2013 08:29:07.951,1679.5,1679.75,1678,1679.5,21221,1678.854378
09/13/2013 08:33:35.195,1679.5,1680.25,1678,1678.25,21229,1679.368282
09/13/2013 08:37:55.397,1678.25,1679.5,1677.75,1679,21220,1678.648728
09/13/2013 08:42:01.632,1679,1680.5,1678.75,1679,21228,1679.665984
09/13/2013 08:48:31.770,1679,1680.25,1678.75,1679.5,21219,1679.546421
09/13/2013 08:55:22.266,1679.5,1682.25,1679,1680.25,21207,1680.587542
09/13/2013 08:59:27.207,1680.25,1680.75,1679,1680.25,21214,1679.965907
09/13/2013 09:04:57.782,1680.25,1680.5,1678.25,1678.75,21221,1679.272914
09/13/2013 09:10:01.680,1678.75,1678.75,1677,1677.25,21239,1677.785654
09/13/2013 09:16:11.934,1677.25,1677.75,1676,1676.25,21260,1676.665075
09/13/2013 09:23:28.832,1676,1677.25,1675.75,1676,21260,1676.306585
09/13/2013 09:30:03.629,1676,1676.5,1675,1676.25,21258,1675.931932
09/13/2013 09:37:25.783,1676.25,1677.75,1676.25,1677.5,21246,1677.097018
09/13/2013 09:44:14.646,1677.5,1679.25,1677.25,1679,21247,1678.262496
09/13/2013 09:53:27.024,1679,1679.5,1678,1679,21198,1678.783907
09/13/2013 10:01:48.817,1679,1679.75,1678.5,1678.75,21252,1679.106449
09/13/2013 10:16:29.448,1678.75,1680,1678.5,1680,21221,1679.096591
09/13/2013 10:26:51.356,1680,1681.5,1679.25,1680.75,21218,1680.298532
09/13/2013 10:38:31.352,1681,1681.25,1680,1680.75,21139,1680.619045
09/13/2013 11:10:19.005,1680.75,1681.25,1680,1680.5,21271,1680.563502
09/13/2013 11:39:35.296,1680.5,1681.75,1679.5,1679.75,21199,1680.724822
09/13/2013 12:08:43.413,1679.75,1681,1679.25,1681,21220,1680.094475
09/13/2013 12:57:13.658,1681,1681.25,1680,1681,21204,1680.704643
09/13/2013 13:21:47.271,1681,1682,1680.5,1681.25,21196,1681.477166
09/13/2013 14:06:01.665,1681.25,1681.25,1680.25,1680.5,21201,1680.734635
09/13/2013 14:32:52.727,1680.5,1681,1679.5,1680.5,21210,1680.295497
09/13/2013 14:52:46.025,1680.5,1680.75,1679,1679.25,21216,1679.904164
09/13/2013 14:59:01.933,1679.25,1680.75,1678.75,1680.75,21210,1679.718682
09/13/2013 14:59:57.729,1680.75,1681.5,1680.25,1681.25,21181,1681.041724
09/13/2013 15:00:48.613,1681.25,1681.5,1680.25,1680.5,21226,1680.961651
09/13/2013 15:12:09.863,1680.5,1682.25,1680.25,1682,21184,1681.395676
09/15/2013 17:00:09.456,1682,1696,1681.75,1696,21141,1686.696242
09/15/2013 17:09:19.277,1696,1701.25,1694.5,1701.25,20996,1697.320752
09/15/2013 17:42:02.304,1701.25,1701.5,1698,1700.5,20899,1699.386322
09/15/2013 18:31:39.910,1700.75,1703.75,1700.25,1700.75,21012,1701.859069
09/15/2013 21:52:39.489,1700.75,1701,1699,1700,20963,1699.874195
09/16/2013 01:48:51.051,1699.75,1701,1698.5,1699,20976,1699.679598
09/16/2013 02:31:26.583,1699,1699.75,1697.5,1697.75,20972,1698.376836
09/16/2013 03:19:14.587,1697.75,1702.5,1697.5,1702,20977,1700.038554
09/16/2013 05:06:38.079,1702,1702.5,1699.75,1701,20946,1701.303901
09/16/2013 06:34:06.775,1701,1701.5,1699,1699.75,20965,1700.074899
09/16/2013 07:45:17.329,1700,1700.25,1698,1698.25,20970,1699.224666
09/16/2013 08:11:46.638,1698.25,1699.5,1697.5,1699.25,20945,1698.370661
09/16/2013 08:30:18.358,1699.25,1700,1698.5,1699.5,21007,1699.416385
09/16/2013 08:32:25.667,1699.5,1700.5,1698.25,1698.25,20967,1699.501717
09/16/2013 08:35:21.607,1698.25,1698.5,1697.25,1697.5,20971,1697.861809
09/16/2013 08:37:19.106,1697.5,1697.5,1696.5,1696.5,21028,1696.995114
09/16/2013 08:40:07.106,1696.5,1696.75,1695.75,1696,21012,1696.282803
09/16/2013 08:41:55.223,1696,1696.25,1694.5,1695,21007,1695.289677
09/16/2013 08:44:41.771,1695,1695.75,1694.5,1694.75,21033,1695.189607
09/16/2013 08:48:14.039,1694.75,1695,1694,1695,21038,1694.489804
09/16/2013 08:51:36.387,1695,1696,1694.5,1695,21005,1695.477684
09/16/2013 08:56:30.404,1695,1695.5,1693.75,1693.75,21041,1694.67252
09/16/2013 09:00:58.748,1693.75,1695,1693.5,1695,21008,1694.163426
09/16/2013 09:03:02.699,1695,1695.25,1692,1692.25,21075,1693.537829
09/16/2013 09:05:14.546,1692.25,1693.75,1691.75,1693.5,21056,1692.595353
09/16/2013 09:08:45.418,1693.5,1694.25,1692.75,1693.75,21044,1693.662018
09/16/2013 09:15:48.420,1693.75,1695.5,1693.25,1695.5,21031,1694.097214
09/16/2013 09:21:50.001,1695.5,1695.75,1694.75,1695.5,20914,1695.23666
09/16/2013 09:30:47.026,1695.25,1696,1694.5,1695.25,21133,1695.432369
09/16/2013 09:35:57.040,1695.25,1696.75,1695,1695.5,20955,1695.866846
09/16/2013 09:41:33.795,1695.5,1696.25,1695,1695.25,21078,1695.708867
09/16/2013 09:51:12.547,1695.25,1696,1694.5,1695.25,20963,1695.164922
09/16/2013 09:59:51.322,1695.25,1695.75,1693.75,1694.25,21090,1694.770519
09/16/2013 10:05:11.091,1694.25,1695,1693.75,1694.5,21036,1694.201476
09/16/2013 10:15:15.607,1694.5,1695.5,1694.25,1695.25,21029,1694.816729
09/16/2013 10:29:05.198,1695.25,1696.25,1694.5,1696,21019,1695.533053
09/16/2013 10:41:16.709,1696,1696.75,1695.75,1696.75,21008,1696.180169
09/16/2013 10:58:06.173,1696.75,1697.25,1696.25,1696.75,21003,1696.711827
09/16/2013 11:10:15.532,1696.75,1697.5,1696.5,1697,21005,1696.945715
09/16/2013 11:16:34.646,1697,1698.25,1696.75,1698,20977,1697.472446
09/16/2013 11:31:29.258,1698,1698.5,1696.75,1697,21009,1697.761995
09/16/2013 11:50:20.346,1697,1697.5,1696.25,1696.75,21005,1696.756094
09/16/2013 12:04:03.541,1696.5,1696.75,1695,1696,21019,1695.707384
09/16/2013 12:29:16.415,1696,1696,1694.25,1695.25,21025,1695.087503
09/16/2013 12:41:49.000,1695.25,1695.25,1692.5,1692.75,20953,1693.852766
09/16/2013 12:43:24.084,1692.75,1693,1690,1690,21086,1691.541177
09/16/2013 12:51:46.381,1690,1692.5,1690,1692.5,21139,1691.229528
09/16/2013 13:01:28.297,1692.5,1693.25,1691.75,1693,21036,1692.641412
09/16/2013 13:17:30.386,1693,1693.25,1691.25,1692.75,21084,1692.156624
09/16/2013 13:30:29.897,1692.75,1693.25,1691,1691.25,21057,1692.260032
09/16/2013 13:34:22.345,1691.25,1692,1690,1691,21060,1690.72608
09/16/2013 13:41:30.179,1691,1691,1689.25,1690,21109,1689.960124
09/16/2013 13:49:37.859,1690,1691.25,1689,1690.75,21089,1690.053772
09/16/2013 14:03:29.930,1690.75,1691.5,1689.75,1690.5,21081,1690.55952
09/16/2013 14:12:43.734,1690.5,1692.5,1690.25,1692,21070,1691.439286
09/16/2013 14:26:00.909,1692,1692.25,1690.5,1691.25,21066,1691.561355
09/16/2013 14:33:25.964,1691.5,1691.5,1688.75,1689.25,21092,1689.902036
09/16/2013 14:38:46.719,1689.25,1690.5,1688.25,1689.25,21094,1689.385714
09/16/2013 14:43:20.623,1689.25,1690.5,1688.5,1688.5,21096,1689.461355
09/16/2013 14:49:02.668,1688.5,1689.75,1688,1689,21105,1688.691128
09/16/2013 14:55:24.972,1688.75,1690.5,1688.75,1690,21092,1689.682534
09/16/2013 14:58:58.864,1690,1691,1689.5,1691,21081,1690.364333
09/16/2013 15:00:02.661,1691,1691.5,1690,1691.25,21062,1690.658342
09/16/2013 15:02:41.955,1691.25,1691.25,1690,1690.25,21078,1690.674566
09/16/2013 15:10:57.543,1690.25,1691.25,1689.5,1691,21039,1690.294251
09/16/2013 16:13:56.477,1691,1692.25,1689.25,1689.25,21140,1691.173451
09/16/2013 22:50:43.717,1689.25,1690.75,1688,1689.5,21094,1689.556189
09/17/2013 02:49:19.358,1689.5,1691.25,1688,1689.5,21094,1689.589634
09/17/2013 04:25:33.365,1689.5,1690.5,1687.75,1688.25,21100,1688.938318
09/17/2013 06:10:28.986,1688.25,1689.75,1688,1689.25,21102,1688.952315
09/17/2013 07:05:19.311,1689.25,1691.5,1689,1690.75,21083,1690.4446
09/17/2013 07:40:08.001,1690.75,1692.75,1690.75,1691.75,21063,1691.644721
09/17/2013 08:03:47.004,1691.5,1693.25,1691.5,1692.75,21061,1692.432743
09/17/2013 08:30:00.623,1692.75,1693,1691.75,1692.25,21059,1692.287003
09/17/2013 08:32:03.823,1692.25,1693.75,1692.25,1693.25,21051,1692.936998
09/17/2013 08:35:58.971,1693.25,1694.5,1693.25,1694.25,21039,1693.841639
09/17/2013 08:40:27.545,1694.25,1694.5,1693.5,1694.25,21041,1694.061903
09/17/2013 08:45:25.017,1694.25,1695.25,1694,1695,21028,1694.579275
09/17/2013 08:50:10.871,1695,1695.25,1694.25,1695,21032,1694.760009
09/17/2013 08:53:42.519,1695,1696.25,1695,1696.25,21008,1695.657535
09/17/2013 09:00:43.006,1696.25,1696.5,1695,1695.25,21022,1695.710078
09/17/2013 09:07:06.479,1695.25,1696,1694.75,1695.75,21025,1695.449049
09/17/2013 09:12:13.465,1695.75,1696.5,1695.5,1695.75,20991,1696.087502
09/17/2013 09:19:54.188,1695.75,1697.25,1695.5,1697,21025,1696.582759
09/17/2013 09:30:33.886,1697,1697.25,1696.25,1697,20998,1696.822471
09/17/2013 09:39:40.307,1697,1697.75,1696.5,1696.75,20993,1696.990747
09/17/2013 09:49:13.383,1696.75,1697,1695.75,1696,21020,1696.290033
09/17/2013 10:00:44.033,1696,1696.75,1695.5,1696.25,21014,1696.147271
09/17/2013 10:14:18.140,1696.25,1697,1695.5,1696,20963,1696.342902
09/17/2013 10:29:55.780,1696,1697,1695.75,1696.75,21058,1696.414925
09/17/2013 10:46:25.682,1696.75,1697.25,1695.5,1695.75,21003,1696.240918
09/17/2013 11:11:53.879,1695.75,1696.75,1695.5,1696,20877,1696.158164
09/17/2013 11:47:09.694,1696,1697,1695.75,1696.75,21144,1696.408709
09/17/2013 12:00:40.567,1696.75,1698.5,1696.5,1698.25,21000,1697.533607
09/17/2013 12:16:16.156,1698.25,1698.5,1697,1697.25,20974,1697.8691
09/17/2013 12:53:27.540,1697.25,1698.25,1697,1698,20979,1697.515134
09/17/2013 13:16:21.196,1698,1698.75,1697.75,1698.25,21016,1698.158938
09/17/2013 13:33:47.575,1698.25,1698.25,1697.25,1698,20995,1697.806442
09/17/2013 14:00:00.062,1698,1698.5,1697.5,1697.75,20986,1698.093598
09/17/2013 14:20:37.733,1697.75,1698.25,1697.5,1697.75,20980,1697.909259
09/17/2013 14:31:34.272,1697.75,1698.25,1697.5,1697.5,20999,1697.853219
09/17/2013 14:41:14.195,1697.5,1697.75,1696.5,1697,20892,1697.058025
09/17/2013 14:50:35.173,1697,1698,1696.75,1697.5,21104,1697.472742
09/17/2013 14:57:10.795,1697.5,1697.75,1697,1697.5,20991,1697.26908
09/17/2013 14:59:58.296,1697.5,1698.25,1697.25,1698,20995,1697.909288
09/17/2013 15:01:09.833,1698,1698.5,1697.5,1697.75,20993,1697.947482
09/17/2013 15:10:41.989,1697.75,1698.25,1697.5,1697.75,20953,1697.92383
09/17/2013 15:30:08.650,1697.75,1699.5,1697.5,1699.5,21021,1698.323427
09/17/2013 20:37:22.666,1699.5,1700.5,1698.25,1700.25,20971,1699.252635
09/18/2013 02:14:56.531,1700.25,1701,1698.25,1699.5,20969,1699.616648
09/18/2013 03:51:19.379,1699.5,1700.75,1698,1700,20966,1699.451851
09/18/2013 05:08:16.318,1700,1701.75,1699.75,1699.75,20961,1700.691713
09/18/2013 06:44:58.179,1699.75,1700.75,1699.25,1700,20962,1699.918412
09/18/2013 07:25:30.970,1700,1700.25,1699,1700,20972,1699.580441
09/18/2013 08:10:03.069,1699.75,1700,1698.25,1698.25,20980,1698.823022
09/18/2013 08:30:01.866,1698.25,1698.5,1697.25,1697.75,20984,1697.855795
09/18/2013 08:33:00.892,1697.75,1698.75,1697.25,1697.5,20992,1698.022544
09/18/2013 08:37:32.973,1697.5,1698.75,1697,1698.5,20995,1697.764599
09/18/2013 08:42:46.054,1698.5,1698.75,1697,1697.5,20939,1697.991057
09/18/2013 08:51:14.199,1697.5,1698.75,1697.25,1698.5,21037,1698.013619
09/18/2013 08:58:51.160,1698.5,1699,1697.5,1697.75,20983,1698.467319
09/18/2013 09:05:35.998,1697.75,1698.5,1697.25,1698.25,20991,1697.851889
09/18/2013 09:13:16.785,1698.25,1699.25,1698.25,1699,20977,1698.742718
09/18/2013 09:22:28.850,1699,1699.25,1697.25,1697.25,20990,1698.091746
09/18/2013 09:27:58.672,1697.25,1697.25,1695.5,1695.5,20951,1696.620352
09/18/2013 09:34:17.024,1695.75,1696.25,1695,1695.5,21074,1695.643613
09/18/2013 09:40:29.604,1695.5,1696.5,1695,1696,20987,1695.662136
09/18/2013 09:48:10.773,1696,1696.25,1694.5,1695,21029,1695.352763
09/18/2013 10:00:38.994,1695,1696.25,1694.75,1696,21022,1695.596221
09/18/2013 10:14:19.013,1696,1696.5,1695.5,1695.75,21033,1696.017461
09/18/2013 10:29:33.437,1695.75,1696,1695,1695.75,21006,1695.535859
09/18/2013 10:41:20.710,1695.75,1696.25,1694.75,1695,21029,1695.608113
09/18/2013 10:51:11.419,1695,1695.5,1694,1695.5,21023,1694.702659
09/18/2013 11:02:37.266,1695.25,1695.5,1693.75,1694.25,21040,1694.494903
09/18/2013 11:14:51.188,1694.25,1694.75,1693.5,1694,21036,1694.085377
09/18/2013 11:25:37.002,1694,1694.5,1693.25,1694.25,20858,1693.900014
09/18/2013 11:47:45.251,1694.25,1694.75,1693.5,1694.25,21220,1694.111581
09/18/2013 12:04:56.512,1694.25,1695.75,1694.25,1695.25,21019,1695.020232
09/18/2013 12:19:37.036,1695.25,1696.5,1695,1696.25,21018,1695.778143
09/18/2013 12:28:55.459,1696.25,1697.5,1695.75,1697,21006,1696.724698
09/18/2013 12:47:08.472,1697,1697.25,1695.5,1696,21013,1696.282575
09/18/2013 13:00:00.028,1696,1698,1695,1698,20813,1696.195839
09/18/2013 13:00:11.630,1698,1706.25,1698,1705.5,21134,1702.287593
09/18/2013 13:00:31.348,1705.5,1709,1704.25,1708.5,20873,1707.201181
09/18/2013 13:00:57.554,1708.5,1713,1708.5,1712.75,20838,1710.451447
09/18/2013 13:01:21.875,1712.75,1712.75,1710,1711,20790,1711.095924
09/18/2013 13:01:55.881,1711,1711,1708.75,1710.5,20877,1710.062437
09/18/2013 13:02:36.860,1710.5,1711.75,1709.5,1711.5,20817,1711.078446
09/18/2013 13:03:56.939,1711.5,1712,1707,1707.5,20856,1709.934287
09/18/2013 13:05:14.119,1707.5,1708.25,1706.5,1707,20872,1707.283334
09/18/2013 13:06:33.645,1707,1710,1706,1708.75,20870,1707.863488
09/18/2013 13:07:51.105,1708.5,1710.5,1708.5,1709.25,20846,1709.42471
09/18/2013 13:09:29.452,1709.25,1710,1707.75,1709.75,20859,1708.686179
09/18/2013 13:10:36.886,1709.75,1712,1709.25,1711.5,20807,1710.715408
09/18/2013 13:11:24.688,1711.5,1714,1711.5,1713.5,20745,1712.482755
09/18/2013 13:11:58.267,1713.5,1715.5,1713.25,1714.75,20880,1714.32215
09/18/2013 13:12:49.243,1714.75,1715.5,1713.5,1714,20785,1714.502153
09/18/2013 13:14:13.850,1714,1714,1712.75,1713.5,20802,1713.374363
09/18/2013 13:15:52.159,1713.5,1713.75,1711.75,1713.5,20788,1712.733368
09/18/2013 13:18:02.141,1713.5,1714.25,1712,1712.75,20825,1713.08982
09/18/2013 13:20:37.018,1712.75,1714,1712,1713,20808,1712.805844
09/18/2013 13:22:03.848,1713,1716,1713,1715.5,20760,1714.591077
09/18/2013 13:23:27.696,1715.5,1717,1715,1716,20749,1716.100487
09/18/2013 13:26:19.598,1716,1717,1715.5,1716.25,20808,1716.346249
09/18/2013 13:28:42.045,1716.25,1716.5,1713.75,1713.75,20752,1715.083968
09/18/2013 13:31:26.178,1713.75,1714.75,1712.75,1714.25,20814,1713.749303
09/18/2013 13:34:06.658,1714.25,1714.75,1712,1712.5,20811,1713.174175
09/18/2013 13:37:20.241,1712.5,1714.5,1712.5,1713.75,20792,1713.709407
09/18/2013 13:41:27.096,1713.75,1714.5,1712.5,1714.5,20796,1713.741934
09/18/2013 13:44:50.379,1714.5,1716,1714.25,1715,20779,1715.132333
09/18/2013 13:48:08.419,1715,1717.25,1714.75,1717.25,20697,1715.703013
09/18/2013 13:50:20.104,1717,1718,1715.25,1718,20835,1716.813859
09/18/2013 13:54:15.123,1718,1719,1717.5,1718.5,20709,1718.232411
09/18/2013 13:57:00.391,1718.5,1719.75,1718.5,1719.25,20762,1719.214262
09/18/2013 13:58:40.847,1719.5,1721.75,1719.5,1721.25,20713,1720.641879
09/18/2013 13:59:57.645,1721.25,1722.5,1721,1722.5,20700,1721.754312
09/18/2013 14:01:32.938,1722.5,1723.25,1721.25,1721.75,20635,1722.06873
09/18/2013 14:04:21.667,1721.75,1723,1721.25,1722.25,20756,1722.320172
09/18/2013 14:07:10.484,1722.25,1722.5,1720.25,1720.5,20706,1721.216205
09/18/2013 14:11:43.427,1720.75,1721.5,1720,1720,20707,1720.720891
09/18/2013 14:14:59.739,1720,1721,1719.25,1719.25,20712,1720.003174
09/18/2013 14:18:53.116,1719.25,1720,1718,1718.25,20743,1719.112472
09/18/2013 14:22:11.668,1718.25,1718.5,1717.5,1717.5,20743,1717.961083
09/18/2013 14:26:23.692,1717.5,1719,1717.5,1718.25,20617,1718.399355
09/18/2013 14:29:16.141,1718.25,1718.75,1717,1717,20856,1717.931447
09/18/2013 14:31:40.415,1717,1718.5,1716.75,1718,20762,1717.642351
09/18/2013 14:35:07.033,1718,1718,1716.75,1717.75,20747,1717.374259
09/18/2013 14:39:14.590,1717.75,1719,1717,1719,20750,1717.869819
09/18/2013 14:42:54.377,1719,1719.75,1718.75,1719.5,20731,1719.134087
09/18/2013 14:47:39.009,1719.5,1719.5,1718,1718.75,20735,1718.726429
09/18/2013 14:52:23.270,1718.75,1719.25,1718,1718,20736,1718.588071
09/18/2013 14:55:00.167,1718,1718.25,1716.25,1716.5,20741,1717.31821
09/18/2013 14:58:01.308,1716.5,1717.75,1716.5,1717.75,20725,1717.23339
09/18/2013 14:59:40.361,1717.75,1718.5,1717.75,1718.25,20775,1718.079495
09/18/2013 14:59:58.920,1718.25,1718.75,1718,1718.25,20575,1718.319174
09/18/2013 15:00:05.274,1718.25,1719.25,1718.25,1718.75,20913,1718.671604
09/18/2013 15:00:41.011,1718.75,1719,1718,1718,20725,1718.486755
09/18/2013 15:02:21.883,1718,1718.25,1717.25,1717.75,20748,1717.794474
09/18/2013 15:07:19.546,1717.75,1718.25,1717.25,1718,20749,1717.831317
09/18/2013 15:14:30.023,1718,1718.25,1717.25,1717.75,20753,1717.699827
09/18/2013 17:06:50.640,1717.75,1719,1717.5,1718.75,20746,1718.187048
09/18/2013 20:09:40.028,1718.75,1720.5,1718.25,1718.5,20730,1719.291498
09/19/2013 00:42:48.052,1718.5,1720.75,1718.25,1719.75,20726,1719.560588
09/19/2013 02:03:40.675,1719.75,1721.25,1719,1720.75,20714,1720.45701
09/19/2013 02:29:56.928,1720.75,1721.75,1720.25,1721.75,20688,1720.863
09/19/2013 03:00:36.767,1721.75,1723.75,1721.5,1722.75,20703,1722.594225
09/19/2013 03:55:36.350,1722.75,1723.5,1722.25,1723,20696,1722.73153
09/19/2013 04:30:30.957,1723,1725.75,1723,1725.5,20668,1724.212418
09/19/2013 05:00:08.991,1725.5,1726.75,1725,1725.5,20645,1725.923892
09/19/2013 06:08:21.885,1725.75,1726.5,1724.75,1724.75,20659,1725.598069
09/19/2013 07:01:45.787,1724.75,1725,1721.75,1722.75,20680,1723.292602
09/19/2013 07:31:01.214,1722.75,1723,1721.25,1722.75,20594,1721.985433
09/19/2013 07:50:39.440,1722.75,1723,1721,1721.25,20705,1722.28667
09/19/2013 08:14:59.869,1721.5,1722.75,1721.25,1722.25,20786,1721.981418
09/19/2013 08:30:09.226,1722.25,1723.5,1722,1723.25,20666,1722.819438
09/19/2013 08:33:00.045,1723.25,1723.5,1722.5,1723,20706,1722.927883
09/19/2013 08:36:15.212,1723,1723.75,1722.75,1723,20682,1723.113795
09/19/2013 08:38:54.154,1723,1723.5,1721.25,1721.25,20688,1722.477946
09/19/2013 08:41:13.268,1721.25,1721.5,1720.25,1720.5,20708,1720.858147
09/19/2013 08:43:48.244,1720.5,1721.25,1720,1720,20717,1720.68947
09/19/2013 08:45:22.689,1720,1720.5,1719.25,1720.25,20723,1719.780401
09/19/2013 08:47:39.952,1720.25,1721,1719,1719.75,20712,1720.058324
09/19/2013 08:50:37.706,1719.75,1720,1719,1719,20733,1719.602337
09/19/2013 08:52:45.227,1719,1719.25,1718.25,1719,20727,1718.81003
09/19/2013 08:55:48.178,1719,1719.75,1718.5,1719.5,20735,1719.224548
09/19/2013 08:59:23.262,1719.5,1721.5,1719.5,1721.25,20705,1720.617146
09/19/2013 09:01:52.177,1721.25,1722.25,1720.5,1721.25,20686,1721.465085
09/19/2013 09:04:51.935,1721.25,1722.75,1721.25,1721.75,20723,1721.978731
09/19/2013 09:07:24.494,1721.75,1722.25,1720,1720.25,20701,1720.920946
09/19/2013 09:09:28.073,1720.25,1720.75,1718.75,1719.5,20734,1719.550268
09/19/2013 09:12:48.744,1719.5,1720.5,1719.25,1719.75,20722,1719.845056
09/19/2013 09:16:31.349,1719.75,1720.25,1718.5,1718.5,20677,1719.092784
09/19/2013 09:19:07.976,1718.75,1718.75,1717.75,1718.25,20792,1718.304276
09/19/2013 09:23:27.819,1718.25,1720,1718,1719.75,20733,1719.144202
09/19/2013 09:25:45.364,1719.75,1721,1719.75,1720.5,20715,1720.508122
09/19/2013 09:30:54.748,1720.5,1721,1719.75,1720.25,20706,1720.372621
09/19/2013 09:35:50.001,1720.25,1720.25,1718.5,1718.75,20740,1719.180545
09/19/2013 09:42:00.053,1718.75,1720.25,1718.25,1720,20729,1719.27628
09/19/2013 09:49:02.486,1720,1720.5,1719.25,1719.25,20718,1719.918658
09/19/2013 09:58:38.137,1719.25,1720,1718.75,1719.75,20730,1719.383671
09/19/2013 10:07:36.792,1719.75,1720,1719,1719.25,20723,1719.504645
09/19/2013 10:11:59.342,1719.25,1719.25,1717.5,1717.75,20745,1718.2537
09/19/2013 10:18:12.557,1717.75,1718.75,1717.5,1718.5,20744,1718.000482
09/19/2013 10:27:04.459,1718.5,1719.5,1718,1718.5,20736,1718.747299
09/19/2013 10:32:12.509,1718.5,1718.75,1717.25,1717.5,20740,1718.156835
09/19/2013 10:33:34.035,1717.5,1717.5,1716.25,1716.5,20761,1716.801768
09/19/2013 10:35:16.316,1716.5,1716.75,1715.5,1716.75,20763,1716.123537
09/19/2013 10:42:16.038,1716.75,1717.5,1716.5,1717.25,20757,1716.935335
09/19/2013 10:52:32.745,1717.25,1717.75,1716.5,1716.5,20568,1717.023058
09/19/2013 11:03:13.160,1716.5,1718,1716.25,1718,20952,1716.759402
09/19/2013 11:08:16.837,1718,1718.75,1717.5,1718.25,20712,1718.126702
09/19/2013 11:20:59.853,1718.25,1718.75,1717.5,1717.75,20772,1718.145821
09/19/2013 11:36:29.704,1717.75,1718.25,1717.5,1717.5,20696,1717.773229
09/19/2013 11:54:45.441,1717.5,1717.75,1716.5,1716.5,20806,1717.134336
09/19/2013 12:05:01.339,1716.5,1717,1715.75,1715.75,20699,1716.30743
09/19/2013 12:09:04.453,1715.75,1716,1714.5,1715,20770,1715.18694
09/19/2013 12:14:17.013,1715,1715.5,1714,1715.25,20860,1714.639981
09/19/2013 12:26:45.919,1715.25,1716.5,1715,1716,20770,1715.874831
09/19/2013 12:38:12.486,1716,1716,1714.5,1715.25,20767,1715.251541
09/19/2013 12:50:56.503,1715.25,1716,1714.75,1715,20790,1715.197872
09/19/2013 12:59:23.394,1714.75,1715,1713.5,1714,20790,1714.131578
09/19/2013 13:08:52.534,1714,1714.75,1713.25,1714.5,20791,1714.001984
09/19/2013 13:19:10.623,1714.5,1716.25,1714.5,1716.25,20774,1715.360872
09/19/2013 13:29:30.579,1716.25,1716.5,1714.5,1714.75,20771,1715.550768
09/19/2013 13:48:00.143,1714.75,1715,1713.75,1715,20792,1714.499844
09/19/2013 14:02:42.865,1715,1716,1714.75,1716,20775,1715.355921
09/19/2013 14:10:33.734,1716,1716.75,1715.75,1716,20771,1716.144143
09/19/2013 14:22:56.606,1716,1717,1715.75,1717,20759,1716.395551
09/19/2013 14:26:08.969,1717,1717.5,1716,1716.5,20760,1716.831744
09/19/2013 14:39:03.326,1716.5,1716.75,1715.75,1716,20703,1716.22661
09/19/2013 14:48:25.445,1716,1717,1716,1716.25,20827,1716.447808
09/19/2013 14:54:06.818,1716.25,1716.5,1715.5,1715.5,20758,1716.010478
09/19/2013 14:56:59.206,1715.5,1715.75,1714.75,1715,20726,1715.232703
09/19/2013 14:59:41.644,1715,1715.75,1714.5,1715.5,20836,1715.224755
09/19/2013 15:00:02.040,1715.5,1716,1715,1715.75,20739,1715.523072
09/19/2013 15:01:59.637,1715.75,1716,1715,1715.5,20813,1715.463893
09/19/2013 15:08:32.165,1715.5,1716.75,1715.5,1716.5,20740,1716.098554
09/19/2013 15:14:58.642,1716.5,1717.75,1716.25,1717.5,20763,1717.256237
09/19/2013 20:23:00.334,1717.5,1717.5,1714.25,1714.5,20785,1716.387202
09/20/2013 02:23:59.335,1714.5,1716.25,1714.25,1715,20773,1715.40803
09/20/2013 03:51:51.807,1715,1717.5,1714.75,1716.5,20764,1716.476702
09/20/2013 05:33:18.531,1716.5,1717.5,1716,1716.75,20759,1716.740871
09/20/2013 06:37:56.730,1716.75,1718.5,1716.5,1717.75,20747,1717.704355
09/20/2013 07:05:41.906,1717.75,1718.25,1714.5,1715,20770,1716.110014
09/20/2013 07:19:59.199,1715,1715.5,1713.75,1714,20744,1714.711567
09/20/2013 07:33:26.187,1714,1715.5,1713.75,1715.5,20822,1714.58491
09/20/2013 07:49:19.047,1715.75,1716,1714,1715.75,20785,1715.005569
09/20/2013 08:13:13.450,1715.75,1716.75,1715.25,1716.75,20769,1715.937611
09/20/2013 08:20:55.007,1716.75,1719,1716.5,1718.75,20727,1718.005078
09/20/2013 08:27:49.202,1718.75,1719.25,1718,1719.25,20751,1718.652631
09/20/2013 08:30:02.935,1719.25,1719.5,1718.25,1718.75,20732,1718.975545
09/20/2013 08:32:06.395,1718.75,1718.75,1717,1717.25,20744,1717.70436
09/20/2013 08:34:49.203,1717.25,1717.75,1716.75,1716.75,20755,1717.319875
09/20/2013 08:37:30.373,1716.75,1717.5,1716.25,1717.25,20760,1716.787151
09/20/2013 08:41:07.981,1717.5,1718,1716.5,1716.5,20735,1717.325959
09/20/2013 08:45:52.133,1716.5,1717.25,1716,1716,20768,1716.620871
09/20/2013 08:50:13.985,1716,1716.25,1715.25,1715.5,20788,1715.649269
09/20/2013 08:53:43.010,1715.5,1716.5,1715.25,1716,20768,1716.035271
09/20/2013 08:57:10.091,1716,1716.25,1714.25,1714.25,20753,1715.209897
09/20/2013 08:58:27.156,1714.25,1714.5,1713,1713.75,20821,1713.608292
09/20/2013 09:01:49.400,1713.75,1715,1713.5,1714.75,20790,1714.322306
09/20/2013 09:05:54.819,1714.75,1715.25,1713,1713.5,20790,1714.2921
09/20/2013 09:11:20.492,1713.5,1714.25,1713.25,1713.25,20725,1713.620567
09/20/2013 09:12:39.985,1713.25,1713.5,1711.75,1712.25,20857,1712.353658
09/20/2013 09:18:05.676,1712.25,1713.75,1712,1713.25,20830,1713.119731
09/20/2013 09:24:52.363,1713.25,1714.75,1713,1714.5,20797,1713.648856
09/20/2013 09:32:30.525,1714.5,1714.75,1713.5,1714,20793,1714.05568
09/20/2013 09:40:19.796,1714,1715.25,1713.75,1715,20783,1714.695809
09/20/2013 09:46:39.717,1715,1715.75,1714.5,1714.75,20771,1715.152003
09/20/2013 09:50:43.199,1714.75,1715.25,1713.75,1715,20789,1714.554211
09/20/2013 09:56:34.125,1715,1715.25,1713.25,1713.5,20775,1714.403454
09/20/2013 10:04:37.405,1713.5,1715.25,1713.25,1714.25,20809,1714.252511
09/20/2013 10:13:53.596,1714.25,1714.5,1712.75,1712.75,20618,1713.646062
09/20/2013 10:20:30.460,1712.75,1713,1712.25,1712.5,20958,1712.591648
09/20/2013 10:24:07.620,1712.5,1712.5,1711.25,1711.25,20831,1711.758545
09/20/2013 10:29:55.909,1711.25,1712.25,1711,1712,20841,1711.479799
09/20/2013 10:35:49.563,1712,1713,1711,1711.25,20814,1712.265302
09/20/2013 10:40:51.677,1711.25,1712,1710.5,1710.75,20825,1711.248091
09/20/2013 10:46:28.648,1710.75,1711.25,1709.75,1710.5,20839,1710.41787
09/20/2013 10:56:25.359,1710.5,1711,1709.75,1710,20835,1710.391877
09/20/2013 10:59:29.769,1710,1710,1708,1708,20856,1709.033611
09/20/2013 11:03:42.293,1708,1709.25,1707.75,1708.5,20856,1708.526803
09/20/2013 11:15:11.249,1708.5,1710,1708.5,1708.75,20848,1709.334768
09/20/2013 11:23:47.699,1708.75,1709,1707.25,1707.25,20834,1708.142111
09/20/2013 11:28:33.161,1707.25,1708.25,1706.75,1707.5,20904,1707.303267
09/20/2013 11:37:31.244,1707.5,1708.25,1706.75,1708.25,20823,1707.298084
09/20/2013 11:46:33.540,1708.25,1709.5,1707.75,1709.5,20915,1708.595123
09/20/2013 11:59:56.781,1709.5,1710,1709,1709.5,20839,1709.484584
09/20/2013 12:12:15.849,1709.5,1710,1708,1708.25,20863,1708.855138
09/20/2013 12:19:27.047,1708.25,1708.5,1706.25,1707,20876,1707.308333
09/20/2013 12:27:58.033,1707,1707.75,1706,1707.75,20876,1706.997545
09/20/2013 12:41:04.629,1707.75,1708.25,1705.5,1705.75,20874,1707.042122
09/20/2013 12:46:45.545,1705.75,1706.5,1705.25,1706.5,20861,1705.757634
09/20/2013 13:00:13.797,1706.5,1707.25,1705.25,1705.5,20924,1706.321879
09/20/2013 13:04:00.260,1705.5,1705.5,1704.25,1705.25,20903,1704.860188
09/20/2013 13:15:48.174,1705.25,1705.75,1704.75,1705.25,20899,1705.215333
09/20/2013 13:26:59.226,1705,1707.25,1704.5,1707,20896,1705.704022
09/20/2013 13:37:39.760,1707,1707.25,1705.5,1705.5,20883,1706.61313
09/20/2013 13:43:20.879,1705.5,1706,1704,1705.5,20900,1704.928876
09/20/2013 13:54:10.116,1705.5,1706.25,1704.25,1706,20897,1705.501627
09/20/2013 14:05:03.942,1706,1707,1705,1706.5,20888,1706.267797
09/20/2013 14:12:11.746,1706.5,1706.75,1704.75,1705.5,20889,1705.731485
09/20/2013 14:20:16.750,1705.5,1706,1704.5,1705.25,20898,1705.336049
09/20/2013 14:24:14.177,1705.25,1705.75,1703.5,1704,20918,1704.288675
09/20/2013 14:28:48.282,1704,1704.25,1702.75,1702.75,20905,1703.662904
09/20/2013 14:33:06.751,1702.75,1703.5,1702,1702.75,20944,1702.731642
09/20/2013 14:36:05.019,1702.75,1703,1701.25,1703,20934,1702.20733
09/20/2013 14:40:32.435,1703,1704.25,1702.5,1704,20924,1703.524075
09/20/2013 14:46:26.992,1704,1704.75,1703.75,1703.75,20912,1704.235917
09/20/2013 14:50:23.148,1703.75,1703.75,1702,1702.75,20930,1702.716089
09/20/2013 14:55:25.947,1702.75,1704,1702.75,1703.75,20880,1703.531825
09/20/2013 14:58:09.914,1703.75,1704.25,1703.5,1703.75,20909,1703.994679
09/20/2013 14:59:23.072,1703.75,1703.75,1702.25,1702.75,20964,1703.031053
09/20/2013 14:59:58.033,1702.75,1703.25,1702.25,1702.25,20924,1702.791268
09/20/2013 15:00:00.070,1702.25,1703,1702,1702.75,20938,1702.688163
09/20/2013 15:00:09.905,1702.75,1703.25,1701.5,1702.75,20938,1702.515629
09/20/2013 15:01:20.886,1702.75,1703.25,1701.5,1702,20867,1702.440181
09/20/2013 15:03:48.526,1702,1702.25,1701.25,1701.5,21013,1701.706693
09/20/2013 15:07:25.697,1701.5,1703,1701.25,1702.5,20930,1702.346608
09/20/2013 15:13:47.874,1702.5,1703.25,1702,1703,20922,1702.83123
09/20/2013 16:01:52.808,1703,1704.75,1702,1704.75,20938,1703.125609
09/20/2013 16:14:59.251,1704.75,1704.75,1703.5,1703.75,2858,1704.222271
